{
 "labelsOn": false,
 "thickness": 1,
 "refreshRate": 1000,
 "labelColor": [
  0.9333333333333333,
  0.9333333333333333,
  0.9254901960784314,
  1
 ],
 "backgroundColor": [
  0.75,
  0.25,
  0.25,
  0
 ],
 "cpu": {
  "enabled": true,
  "width": 100,
  "colors": [
   [
    0.3490196078431373,
    0.7647058823529411,
    0.6784313725490198,
    1
   ],
   [
    0.3490196078431373,
    0.7647058823529411,
    0.6784313725490198,
    1
   ],
   [
    0.3490196078431373,
    0.7647058823529411,
    0.6784313725490198,
    1
   ],
   [
    0.3490196078431373,
    0.7647058823529411,
    0.6784313725490198,
    1
   ],
   [
    0.3490196078431373,
    0.7647058823529411,
    0.6784313725490198,
    1
   ],
   [
    0.3490196078431373,
    0.7647058823529411,
    0.6784313725490198,
    1
   ],
   [
    0.3490196078431373,
    0.7647058823529411,
    0.6784313725490198,
    1
   ],
   [
    0.3490196078431373,
    0.7647058823529411,
    0.6784313725490198,
    1
   ],
   [
    0.3490196078431373,
    0.7647058823529411,
    0.6784313725490198,
    1
   ],
   [
    0.3490196078431373,
    0.7647058823529411,
    0.6784313725490198,
    1
   ],
   [
    0.3490196078431373,
    0.7647058823529411,
    0.6784313725490198,
    1
   ],
   [
    0.3490196078431373,
    0.7647058823529411,
    0.6784313725490198,
    1
   ]
  ],
  "byActivity": false,
  "useProgressiveColors": false,
  "colorsByActivity": [
   [
    0.10196078431372549,
    0.37254901960784315,
    0.7058823529411765,
    1
   ],
   [
    0.14901960784313725,
    0.6352941176470588,
    0.4117647058823529,
    1
   ],
   [
    0.8980392156862745,
    0.6470588235294118,
    0.0392156862745098,
    1
   ],
   [
    0.7764705882352941,
    0.27450980392156865,
    0,
    1
   ],
   [
    0.6470588235294118,
    0.11372549019607843,
    0.17647058823529413,
    1
   ]
  ]
 },
 "mem": {
  "enabled": true,
  "width": 40,
  "colors": [
   [
    0.3490196078431373,
    0.7647058823529411,
    0.6784313725490198,
    1
   ],
   [
    0.75,
    0.25,
    0.25,
    0
   ],
   [
    0.75,
    0.25,
    0.25,
    0
   ],
   [
    0.75,
    0.25,
    0.25,
    0
   ]
  ],
  "swapcolors": [
   [
    0.75,
    0.25,
    0.25,
    0
   ]
  ]
 },
 "net": {
  "enabled": false,
  "autoscale": true,
  "logscale": true,
  "width": 40,
  "devices": [
   {
    "id": "lo",
    "enabled": false,
    "show": true,
    "colors": [
     [
      1,
      1,
      1,
      0.8
     ],
     [
      0,
      0,
      0,
      0.6
     ]
    ]
   },
   {
    "id": "enp4s0",
    "enabled": false,
    "show": true,
    "colors": [
     [
      1,
      1,
      1,
      0.8
     ],
     [
      0,
      0,
      0,
      0.6
     ]
    ]
   },
   {
    "id": "virbr0",
    "enabled": false,
    "show": true,
    "colors": [
     [
      1,
      1,
      1,
      0.8
     ],
     [
      0,
      0,
      0,
      0.6
     ]
    ]
   }
  ]
 },
 "disk": {
  "enabled": false,
  "autoscale": true,
  "logscale": true,
  "width": 40,
  "devices": [
   {
    "id": "/",
    "enabled": true,
    "show": 4,
    "colors": [
     [
      1,
      1,
      1,
      1
     ],
     [
      0.6,
      0.6,
      0.6,
      0.8
     ]
    ],
    "path": "/",
    "read": 146374991872,
    "write": 73398976512,
    "lastReading": [
     0,
     0
    ],
    "readingRatesList": []
   },
   {
    "id": "2 tb hdd 1",
    "enabled": false,
    "show": 4,
    "colors": [
     [
      1,
      1,
      1,
      0.8
     ],
     [
      0,
      0,
      0,
      0.6
     ]
    ],
    "path": "/media/enrorma/2tb-hdd-1",
    "read": 730163585024,
    "write": 72908800,
    "lastReading": [
     0,
     0
    ],
    "readingRatesList": []
   },
   {
    "id": "1 tb hdd 1",
    "enabled": false,
    "show": 4,
    "colors": [
     [
      1,
      1,
      1,
      0.8
     ],
     [
      0,
      0,
      0,
      0.6
     ]
    ],
    "path": "/media/enrorma/1tb-hdd-1",
    "read": 95753805824,
    "write": 216017272832,
    "lastReading": [
     0,
     0
    ],
    "readingRatesList": []
   }
  ]
 }
}